add_id,client_id,city,state,country
ADD001,CNT001,Saint Paul, Minnesota,United States
ADD002,CNT002,Milwaukee, Wisconsin,United States
ADD003,CNT003,North Chicago, Illinois,United States
ADD004,CNT004,North Chicago, Illinois,United States
ADD005,CNT005,Dublin, Ireland,United States
ADD006,CNT006,San Jose, California,United States
ADD007,CNT007,Santa Clara, California,United States
ADD008,CNT008,Arlington, Virginia,United States
ADD009,CNT009,Columbus, Georgia,United States
ADD010,CNT010,Santa Clara, California,United States
ADD011,CNT011,Allentown, Pennsylvania,United States
ADD012,CNT012,San Francisco, California,United States
ADD013,CNT013,Cambridge, Massachusetts,United States
ADD014,CNT014,Charlotte, North Carolina,United States
ADD015,CNT015,Pasadena, California,United States
ADD016,CNT016,Tempe, Arizona,United States
ADD017,CNT017,Dublin, Ireland,United States
ADD018,CNT018,Madison, Wisconsin,United States
ADD019,CNT019,Northbrook, Illinois,United States
ADD020,CNT020,Mountain View, California,United States
ADD021,CNT021,Richmond, Virginia,United States
ADD022,CNT022,Seattle, Washington,United States
ADD023,CNT023,Warmley,, United Kingdom
ADD024,CNT024,St. Louis, Missouri,United States
ADD025,CNT025,Fort Worth, Texas,United States
ADD026,CNT026,Columbus, Ohio,United States
ADD027,CNT027,New York City, New York,United States
ADD028,CNT028,New York City, New York,United States
ADD029,CNT029,Boston, Massachusetts,United States
ADD030,CNT030,Camden, New Jersey,United States
ADD031,CNT031,Minneapolis, Minnesota,United States
ADD032,CNT032,Berwyn, Pennsylvania,United States
ADD033,CNT033,Thousand Oaks, California,United States
ADD034,CNT034,Wallingford, Connecticut,United States
ADD035,CNT035,Wilmington, Massachusetts,United States
ADD036,CNT036,Canonsburg, Pennsylvania,United States
ADD037,CNT037,London,,United States
ADD038,CNT038,Houston, Texas,United States
ADD039,CNT039,Cupertino, California,United States
ADD040,CNT040,Santa Clara, California,United States
ADD041,CNT041,Dublin, Ireland,United States
ADD042,CNT042,Hamilton, Bermuda,United States
ADD043,CNT043,Chicago, Illinois,United States
ADD044,CNT044,Santa Clara, California,United States
ADD045,CNT045,Rolling Meadows, Illinois,United States
ADD046,CNT046,Atlanta, Georgia,United States
ADD047,CNT047,Dallas, Texas,United States
ADD048,CNT048,Dallas, Texas,United States
ADD049,CNT049,San Francisco, California,United States
ADD050,CNT050,Roseland, New Jersey,United States
ADD051,CNT051,Memphis, Tennessee,United States
ADD052,CNT052,Arlington, Virginia,United States
ADD053,CNT053,Mentor, Ohio,United States
ADD054,CNT054,Scottsdale, Arizona,United States
ADD055,CNT055,Houston, Texas,United States
ADD056,CNT056,Broomfield, Colorado,United States
ADD057,CNT057,Charlotte, North Carolina,United States
ADD058,CNT058,New York City, New York,United States
ADD059,CNT059,Columbus, Ohio,United States
ADD060,CNT060,Deerfield, Illinois,United States
ADD061,CNT061,Franklin Lakes, New Jersey,United States
ADD062,CNT062,Greenwich, Connecticut,United States
ADD063,CNT063,Omaha, Nebraska,United States
ADD064,CNT064,Richfield, Minnesota,United States
ADD065,CNT065,Hercules, California,United States
ADD066,CNT066,Minneapolis, Minnesota,United States
ADD067,CNT067,Cambridge, Massachusetts,United States
ADD068,CNT068,New York City, New York,United States
ADD069,CNT069,New York City, New York,United States
ADD070,CNT070,Arlington, Virginia,United States
ADD071,CNT071,Norwalk, Connecticut,United States
ADD072,CNT072,Auburn Hills, Michigan,United States
ADD073,CNT073,Boston, Massachusetts,United States
ADD074,CNT074,Marlborough, Massachusetts,United States
ADD075,CNT075,New York City, New York,United States
ADD076,CNT076,Palo Alto, California,United States
ADD077,CNT077,Lake Success, New York,United States
ADD078,CNT078,Daytona Beach, Florida,United States
ADD079,CNT079,Louisville, Kentucky,United States
ADD080,CNT080,Irving, Texas,United States
ADD081,CNT081,Chesterfield, Missouri,United States
ADD082,CNT082,San Jose, California,United States
ADD083,CNT083,Reno, Nevada,United States
ADD084,CNT084,Houston, Texas,United States
ADD085,CNT085,Camden, New Jersey,United States
ADD086,CNT086,Tysons Corner, Virginia,United States
ADD087,CNT087,Dublin, Ohio,United States
ADD088,CNT088,Richmond, Virginia,United States
ADD089,CNT089,Miami, Florida,United States
ADD090,CNT090,Palm Beach Gardens, Florida,United States
ADD091,CNT091,Somerset, New Jersey,United States
ADD092,CNT092,Irving, Texas,United States
ADD093,CNT093,Chicago, Illinois,United States
ADD094,CNT094,Dallas, Texas,United States
ADD095,CNT095,Lincolnshire, Illinois,United States
ADD096,CNT096,Irving, Texas,United States
ADD097,CNT097,Conshohocken, Pennsylvania,United States
ADD098,CNT098,St. Louis, Missouri,United States
ADD099,CNT099,Houston, Texas,United States
ADD100,CNT100,Minneapolis, Minnesota,United States
ADD101,CNT101,Deerfield, Illinois,United States
ADD102,CNT102,Eden Prairie, Minnesota,United States
ADD103,CNT103,Wilmington, Massachusetts,United States
ADD104,CNT104,Westlake, Texas,United States
ADD105,CNT105,Stamford, Connecticut,United States
ADD106,CNT106,San Ramon, California,United States
ADD107,CNT107,Newport Beach, California,United States
ADD108,CNT108,Zurich, Switzerland,United States
ADD109,CNT109,Ewing, New Jersey,United States
ADD110,CNT110,Bloomfield, Connecticut,United States
ADD111,CNT111,Fairfield, Ohio,United States
ADD112,CNT112,Mason, Ohio,United States
ADD113,CNT113,San Jose, California,United States
ADD114,CNT114,New York City, New York,United States
ADD115,CNT115,Providence, Rhode Island,United States
ADD116,CNT116,Oakland, California,United States
ADD117,CNT117,Chicago, Illinois,United States
ADD118,CNT118,Jackson, Michigan,United States
ADD119,CNT119,Atlanta, Georgia,United States
ADD120,CNT120,Teaneck, New Jersey,United States
ADD121,CNT121,New York City, New York,United States
ADD122,CNT122,Philadelphia, Pennsylvania,United States
ADD123,CNT123,Dallas, Texas,United States
ADD124,CNT124,Chicago, Illinois,United States
ADD125,CNT125,Houston, Texas,United States
ADD126,CNT126,New York City, New York,United States
ADD127,CNT127,Victor, New York,United States
ADD128,CNT128,Baltimore, Maryland,United States
ADD129,CNT129,San Ramon, California,United States
ADD130,CNT130,Dallas, Texas,United States
ADD131,CNT131,Corning, New York,United States
ADD132,CNT132,Indianapolis, Indiana,United States
ADD133,CNT133,Washington, D.C.,United States
ADD134,CNT134,Issaquah, Washington,United States
ADD135,CNT135,Houston, Texas,United States
ADD136,CNT136,Houston, Texas,United States
ADD137,CNT137,Jacksonville, Florida,United States
ADD138,CNT138,Columbus, Indiana,United States
ADD139,CNT139,Woonsocket, Rhode Island,United States
ADD140,CNT140,Washington, D.C.,United States
ADD141,CNT141,Orlando, Florida,United States
ADD142,CNT142,Denver, Colorado,United States
ADD143,CNT143,Atlanta, Georgia,United States
ADD144,CNT144,Charlotte, North Carolina,United States
ADD145,CNT145,Oklahoma City, Oklahoma,United States
ADD146,CNT146,San Diego, California,United States
ADD147,CNT147,Midland, Texas,United States
ADD148,CNT148,Austin, Texas,United States
ADD149,CNT149,Riverwoods, Illinois,United States
ADD150,CNT150,Goodlettsville, Tennessee,United States
ADD151,CNT151,Chesapeake, Virginia,United States
ADD152,CNT152,Richmond, Virginia,United States
ADD153,CNT153,Ann Arbor, Michigan,United States
ADD154,CNT154,Downers Grove, Illinois,United States
ADD155,CNT155,Midland, Michigan,United States
ADD156,CNT156,Arlington, Texas,United States
ADD157,CNT157,Detroit, Michigan,United States
ADD158,CNT158,Charlotte, North Carolina,United States
ADD159,CNT159,Wilmington, Delaware,United States
ADD160,CNT160,Kingsport, Tennessee,United States
ADD161,CNT161,Dublin, Ireland,United States
ADD162,CNT162,San Jose, California,United States
ADD163,CNT163,Saint Paul, Minnesota,United States
ADD164,CNT164,Rosemead, California,United States
ADD165,CNT165,Irvine, California,United States
ADD166,CNT166,Redwood City, California,United States
ADD167,CNT167,Indianapolis, Indiana,United States
ADD168,CNT168,Indianapolis, Indiana,United States
ADD169,CNT169,Ferguson, Missouri,United States
ADD170,CNT170,Fremont, California,United States
ADD171,CNT171,New Orleans, Louisiana,United States
ADD172,CNT172,Houston, Texas,United States
ADD173,CNT173,Newtown, Pennsylvania,United States
ADD174,CNT174,Pittsburgh, Pennsylvania,United States
ADD175,CNT175,Atlanta, Georgia,United States
ADD176,CNT176,Redwood City, California,United States
ADD177,CNT177,Chicago, Illinois,United States
ADD178,CNT178,San Mateo, California,United States
ADD179,CNT179,New York City, New York,United States
ADD180,CNT180,New York City, New York,United States
ADD181,CNT181,Hamilton, Bermuda,United States
ADD182,CNT182,Kansas City, Missouri,United States
ADD183,CNT183,Hartford, Connecticut,United States
ADD184,CNT184,Chicago, Illinois,United States
ADD185,CNT185,Seattle, Washington,United States
ADD186,CNT186,Seattle, Washington,United States
ADD187,CNT187,Salt Lake City, Utah,United States
ADD188,CNT188,Irving, Texas,United States
ADD189,CNT189,Seattle, Washington,United States
ADD190,CNT190,Norwalk, Connecticut,United States
ADD191,CNT191,Bozeman, Montana,United States
ADD192,CNT192,Winona, Minnesota,United States
ADD193,CNT193,Rockville, Maryland,United States
ADD194,CNT194,Memphis, Tennessee,United States
ADD195,CNT195,Jacksonville, Florida,United States
ADD196,CNT196,Cincinnati, Ohio,United States
ADD197,CNT197,Tempe, Arizona,United States
ADD198,CNT198,Akron, Ohio,United States
ADD199,CNT199,Brookfield, Wisconsin,United States
ADD200,CNT200,Atlanta, Georgia,United States
ADD201,CNT201,Philadelphia, Pennsylvania,United States
ADD202,CNT202,Dearborn, Michigan,United States
ADD203,CNT203,Sunnyvale, California,United States
ADD204,CNT204,Everett, Washington,United States
ADD205,CNT205,New York City, New York,United States
ADD206,CNT206,San Mateo, California,United States
ADD207,CNT207,Phoenix, Arizona,United States
ADD208,CNT208,Schaffhausen, Switzerland,United States
ADD209,CNT209,Stamford, Connecticut,United States
ADD210,CNT210,Chicago, Illinois,United States
ADD211,CNT211,Tempe, Arizona,United States
ADD212,CNT212,Waukesha, Wisconsin,United States
ADD213,CNT213,Falls Church, Virginia,United States
ADD214,CNT214,Boston, Massachusetts,United States
ADD215,CNT215,Golden Valley, Minnesota,United States
ADD216,CNT216,Detroit, Michigan,United States
ADD217,CNT217,Atlanta, Georgia,United States
ADD218,CNT218,Foster City, California,United States
ADD219,CNT219,Atlanta, Georgia,United States
ADD220,CNT220,McKinney, Texas,United States
ADD221,CNT221,New York City, New York,United States
ADD222,CNT222,Houston, Texas,United States
ADD223,CNT223,Hartford, Connecticut,United States
ADD224,CNT224,Pawtucket, Rhode Island,United States
ADD225,CNT225,Nashville, Tennessee,United States
ADD226,CNT226,Long Beach, California,United States
ADD227,CNT227,Melville, New York,United States
ADD228,CNT228,Hershey, Pennsylvania,United States
ADD229,CNT229,New York City, New York,United States
ADD230,CNT230,Houston, Texas,United States
ADD231,CNT231,Tysons Corner, Virginia,United States
ADD232,CNT232,Marlborough, Massachusetts,United States
ADD233,CNT233,Atlanta, Georgia,United States
ADD234,CNT234,Charlotte, North Carolina,United States
ADD235,CNT235,Austin, Minnesota,United States
ADD236,CNT236,Bethesda, Maryland,United States
ADD237,CNT237,Pittsburgh, Pennsylvania,United States
ADD238,CNT238,Palo Alto, California,United States
ADD239,CNT239,Shelton, Connecticut,United States
ADD240,CNT240,Louisville, Kentucky,United States
ADD241,CNT241,Columbus, Ohio,United States
ADD242,CNT242,Newport News, Virginia,United States
ADD243,CNT243,Armonk, New York,United States
ADD244,CNT244,Lake Forest, Illinois,United States
ADD245,CNT245,Westbrook, Maine,United States
ADD246,CNT246,Glenview, Illinois,United States
ADD247,CNT247,San Diego, California,United States
ADD248,CNT248,Wilmington, Delaware,United States
ADD249,CNT249,Davidson, North Carolina,United States
ADD250,CNT250,Acton, Massachusetts,United States
ADD251,CNT251,Santa Clara, California,United States
ADD252,CNT252,Atlanta, Georgia,United States
ADD253,CNT253,New York City, New York,United States
ADD254,CNT254,Memphis, Tennessee,United States
ADD255,CNT255,New York City, New York,United States
ADD256,CNT256,Mountain View, California,United States
ADD257,CNT257,Sunnyvale, California,United States
ADD258,CNT258,Atlanta, Georgia,United States
ADD259,CNT259,Dallas, Texas,United States
ADD260,CNT260,Durham, North Carolina,United States
ADD261,CNT261,Boston, Massachusetts,United States
ADD262,CNT262,Lowell, Arkansas,United States
ADD263,CNT263,Orrville, Ohio,United States
ADD264,CNT264,St. Petersburg, Florida,United States
ADD265,CNT265,Monett, Missouri,United States
ADD266,CNT266,Dallas, Texas,United States
ADD267,CNT267,Moline, Illinois,United States
ADD268,CNT268,New Brunswick, New Jersey,United States
ADD269,CNT269,Cork, Ireland,United States
ADD270,CNT270,New York City, New York,United States
ADD271,CNT271,Sunnyvale, California,United States
ADD272,CNT272,Chicago, Illinois,United States
ADD273,CNT273,Skillman, New Jersey,United States
ADD274,CNT274,Burlington, Massachusetts,United States
ADD275,CNT275,Cleveland, Ohio,United States
ADD276,CNT276,Santa Rosa, California,United States
ADD277,CNT277,Irving, Texas,United States
ADD278,CNT278,New Hyde Park, New York,United States
ADD279,CNT279,Houston, Texas,United States
ADD280,CNT280,Milpitas, California,United States
ADD281,CNT281,Chicago, Illinois,United States
ADD282,CNT282,Cincinnati, Ohio,United States
ADD283,CNT283,Melbourne, Florida,United States
ADD284,CNT284,Burlington, North Carolina,United States
ADD285,CNT285,Fremont, California,United States
ADD286,CNT286,Eagle, Idaho,United States
ADD287,CNT287,Las Vegas, Nevada,United States
ADD288,CNT288,Reston, Virginia,United States
ADD289,CNT289,Miami, Florida,United States
ADD290,CNT290,Guildford,, United Kingdom
ADD291,CNT291,Beverly Hills, California,United States
ADD292,CNT292,Chicago, Illinois,United States
ADD293,CNT293,Bethesda, Maryland,United States
ADD294,CNT294,New York City, New York,United States
ADD295,CNT295,Mooresville, North Carolina,United States
ADD296,CNT296,Vancouver, Canada,United States
ADD297,CNT297,Rotterdam, Netherlands,United States
ADD298,CNT298,Buffalo, New York,United States
ADD299,CNT299,Houston, Texas,United States
ADD300,CNT300,Findlay, Ohio,United States
ADD301,CNT301,New York City, New York,United States
ADD302,CNT302,Bethesda, Maryland,United States
ADD303,CNT303,New York City, New York,United States
ADD304,CNT304,Raleigh, North Carolina,United States
ADD305,CNT305,Livonia, Michigan,United States
ADD306,CNT306,Harrison, New York,United States
ADD307,CNT307,Dallas, Texas,United States
ADD308,CNT308,Hunt Valley, Maryland,United States
ADD309,CNT309,Chicago, Illinois,United States
ADD310,CNT310,Irving, Texas,United States
ADD311,CNT311,Dublin, Ireland,United States
ADD312,CNT312,Kenilworth, New Jersey,United States
ADD313,CNT313,Menlo Park, California,United States
ADD314,CNT314,New York City, New York,United States
ADD315,CNT315,Columbus, Ohio,United States
ADD316,CNT316,Paradise, Nevada,United States
ADD317,CNT317,Chandler, Arizona,United States
ADD318,CNT318,Boise, Idaho,United States
ADD319,CNT319,Redmond, Washington,United States
ADD320,CNT320,Memphis, Tennessee,United States
ADD321,CNT321,Cambridge, Massachusetts,United States
ADD322,CNT322,Calhoun, Georgia,United States
ADD323,CNT323,Long Beach, California,United States
ADD324,CNT324,Chicago, Illinois,United States
ADD325,CNT325,Chicago, Illinois,United States
ADD326,CNT326,Kirkland, Washington,United States
ADD327,CNT327,Corona, California,United States
ADD328,CNT328,New York City, New York,United States
ADD329,CNT329,New York City, New York,United States
ADD330,CNT330,Tampa, Florida,United States
ADD331,CNT331,Chicago, Illinois,United States
ADD332,CNT332,New York City, New York,United States
ADD333,CNT333,New York City, New York,United States
ADD334,CNT334,San Jose, California,United States
ADD335,CNT335,Los Gatos, California,United States
ADD336,CNT336,Denver, Colorado,United States
ADD337,CNT337,New York City, New York,United States
ADD338,CNT338,Juno Beach, Florida,United States
ADD339,CNT339,Washington County, Oregon,United States
ADD340,CNT340,Merrillville, Indiana,United States
ADD341,CNT341,Westlake, Ohio,United States
ADD342,CNT342,Atlanta, Georgia,United States
ADD343,CNT343,Chicago, Illinois,United States
ADD344,CNT344,West Falls Church, Virginia,United States
ADD345,CNT345,Miami, Florida,United States
ADD346,CNT346,Houston, Texas,United States
ADD347,CNT347,Charlotte, North Carolina,United States
ADD348,CNT348,Santa Clara, California,United States
ADD349,CNT349,Reston, Virginia,United States
ADD350,CNT350,Eindhoven, Netherlands,United States
ADD351,CNT351,Springfield, Missouri,United States
ADD352,CNT352,Houston, Texas,United States
ADD353,CNT353,Thomasville, North Carolina,United States
ADD354,CNT354,New York City, New York,United States
ADD355,CNT355,Phoenix, Arizona,United States
ADD356,CNT356,Tulsa, Oklahoma,United States
ADD357,CNT357,Austin, Texas,United States
ADD358,CNT358,Farmington, Connecticut,United States
ADD359,CNT359,Bellevue, Washington,United States
ADD360,CNT360,Lake Forest, Illinois,United States
ADD361,CNT361,Santa Clara, California,United States
ADD362,CNT362,New York City, New York,United States
ADD363,CNT363,Cleveland, Ohio,United States
ADD364,CNT364,Penfield, New York,United States
ADD365,CNT365,Oklahoma City, Oklahoma,United States
ADD366,CNT366,San Jose, California,United States
ADD367,CNT367,Worsley,, United Kingdom
ADD368,CNT368,Purchase, New York,United States
ADD369,CNT369,New York City, New York,United States
ADD370,CNT370,San Francisco, California,United States
ADD371,CNT371,New York City, New York,United States
ADD372,CNT372,Houston, Texas,United States
ADD373,CNT373,Phoenix, Arizona,United States
ADD374,CNT374,Irving, Texas,United States
ADD375,CNT375,Pittsburgh, Pennsylvania,United States
ADD376,CNT376,Covington, Louisiana,United States
ADD377,CNT377,Pittsburgh, Pennsylvania,United States
ADD378,CNT378,Allentown, Pennsylvania,United States
ADD379,CNT379,Des Moines, Iowa,United States
ADD380,CNT380,Cincinnati, Ohio,United States
ADD381,CNT381,Mayfield Village, Ohio,United States
ADD382,CNT382,San Francisco, California,United States
ADD383,CNT383,Newark, New Jersey,United States
ADD384,CNT384,Boston, Massachusetts,United States
ADD385,CNT385,Newark, New Jersey,United States
ADD386,CNT386,Glendale, California,United States
ADD387,CNT387,Atlanta, Georgia,United States
ADD388,CNT388,Greensboro, North Carolina,United States
ADD389,CNT389,San Diego, California,United States
ADD390,CNT390,Houston, Texas,United States
ADD391,CNT391,Secaucus, New Jersey,United States
ADD392,CNT392,New York City, New York,United States
ADD393,CNT393,St. Petersburg, Florida,United States
ADD394,CNT394,San Diego, California,United States
ADD395,CNT395,Jacksonville, Florida,United States
ADD396,CNT396,Tarrytown, New York,United States
ADD397,CNT397,Birmingham, Alabama,United States
ADD398,CNT398,Phoenix, Arizona,United States
ADD399,CNT399,San Diego, California,United States
ADD400,CNT400,Waltham, Massachusetts,United States
ADD401,CNT401,Menlo Park, California,United States
ADD402,CNT402,Milwaukee, Wisconsin,United States
ADD403,CNT403,Atlanta, Georgia,United States
ADD404,CNT404,Sarasota, Florida,United States
ADD405,CNT405,Dublin, California,United States
ADD406,CNT406,Miami, Florida,United States
ADD407,CNT407,Waltham, Massachusetts,United States
ADD408,CNT408,New York City, New York,United States
ADD409,CNT409,San Francisco, California,United States
ADD410,CNT410,Boca Raton, Florida,United States
ADD411,CNT411,Houston, Texas,United States
ADD412,CNT412,Dublin, Ireland,United States
ADD413,CNT413,San Diego, California,United States
ADD414,CNT414,Santa Clara, California,United States
ADD415,CNT415,Cleveland, Ohio,United States
ADD416,CNT416,Indianapolis, Indiana,United States
ADD417,CNT417,Irvine, California,United States
ADD418,CNT418,Kenosha, Wisconsin,United States
ADD419,CNT419,Atlanta, Georgia,United States
ADD420,CNT420,Dallas, Texas,United States
ADD421,CNT421,New Britain, Connecticut,United States
ADD422,CNT422,Seattle, Washington,United States
ADD423,CNT423,Boston, Massachusetts,United States
ADD424,CNT424,Fort Wayne, Indiana,United States
ADD425,CNT425,Dublin, Ireland,United States
ADD426,CNT426,Kalamazoo, Michigan,United States
ADD427,CNT427,Stamford, Connecticut,United States
ADD428,CNT428,Sunnyvale, California,United States
ADD429,CNT429,Houston, Texas,United States
ADD430,CNT430,Bellevue, Washington,United States
ADD431,CNT431,Baltimore, Maryland,United States
ADD432,CNT432,New York City, New York,United States
ADD433,CNT433,New York City, New York,United States
ADD434,CNT434,Houston, Texas,United States
ADD435,CNT435,Minneapolis, Minnesota,United States
ADD436,CNT436,Schaffhausen, Switzerland,United States
ADD437,CNT437,Thousand Oaks, California,United States
ADD438,CNT438,Wayne, Pennsylvania,United States
ADD439,CNT439,North Reading, Massachusetts,United States
ADD440,CNT440,Austin, Texas,United States
ADD441,CNT441,Dallas, Texas,United States
ADD442,CNT442,Providence, Rhode Island,United States
ADD443,CNT443,Waltham, Massachusetts,United States
ADD444,CNT444,Framingham, Massachusetts,United States
ADD445,CNT445,Brentwood, Tennessee,United States
ADD446,CNT446,Dublin, Ireland,United States
ADD447,CNT447,Cleveland, Ohio,United States
ADD448,CNT448,New York City, New York,United States
ADD449,CNT449,Westminster, Colorado,United States
ADD450,CNT450,Charlotte, North Carolina,United States
ADD451,CNT451,Plano, Texas,United States
ADD452,CNT452,Springdale, Arkansas,United States
ADD453,CNT453,Minneapolis, Minnesota,United States
ADD454,CNT454,San Francisco, California,United States
ADD455,CNT455,Highlands Ranch, Colorado,United States
ADD456,CNT456,Bolingbrook, Illinois,United States
ADD457,CNT457,Omaha, Nebraska,United States
ADD458,CNT458,Chicago, Illinois,United States
ADD459,CNT459,Sandy Springs, Georgia,United States
ADD460,CNT460,Stamford, Connecticut,United States
ADD461,CNT461,Minnetonka, Minnesota,United States
ADD462,CNT462,King of Prussia, Pennsylvania,United States
ADD463,CNT463,San Antonio, Texas,United States
ADD464,CNT464,Chicago, Illinois,United States
ADD465,CNT465,Waltham, Massachusetts,United States
ADD466,CNT466,Dulles, Virginia,United States
ADD467,CNT467,Jersey City, New Jersey,United States
ADD468,CNT468,New York City, New York,United States
ADD469,CNT469,Cambridge, Massachusetts,United States
ADD470,CNT470,Denver, Colorado,United States
ADD471,CNT471,Pittsburgh, Pennsylvania,United States
ADD472,CNT472,New York City, New York,United States
ADD473,CNT473,San Francisco, California,United States
ADD474,CNT474,Birmingham, Alabama,United States
ADD475,CNT475,Lake Forest, Illinois,United States
ADD476,CNT476,Pittsburgh, Pennsylvania,United States
ADD477,CNT477,Deerfield, Illinois,United States
ADD478,CNT478,Bentonville, Arkansas,United States
ADD479,CNT479,Burbank, California,United States
ADD480,CNT480,New York City, New York,United States
ADD481,CNT481,Houston, Texas,United States
ADD482,CNT482,Milford, Massachusetts,United States
ADD483,CNT483,Milwaukee, Wisconsin,United States
ADD484,CNT484,San Francisco, California,United States
ADD485,CNT485,Toledo, Ohio,United States
ADD486,CNT486,Exton, Pennsylvania,United States
ADD487,CNT487,San Jose, California,United States
ADD488,CNT488,Atlanta, Georgia,United States
ADD489,CNT489,Seattle, Washington,United States
ADD490,CNT490,Benton Harbor, Michigan,United States
ADD491,CNT491,Tulsa, Oklahoma,United States
ADD492,CNT492,London,, United Kingdom
ADD493,CNT493,Paradise, Nevada,United States
ADD494,CNT494,Minneapolis, Minnesota,United States
ADD495,CNT495,White Plains, New York,United States
ADD496,CNT496,Louisville, Kentucky,United States
ADD497,CNT497,Lincolnshire, Illinois,United States
ADD498,CNT498,Warsaw, Indiana,United States
ADD499,CNT499,Salt Lake City, Utah,United States
ADD500,CNT500,Parsippany, New Jersey,United States